{
  "annotations": {
    "list": [
      {
        "builtIn": 1,
        "datasource": "-- Grafana --",
        "enable": true,
        "hide": true,
        "iconColor": "rgba(0, 211, 255, 1)",
        "name": "Annotations & Alerts",
        "type": "dashboard"
      }
    ]
  },
  "editable": true,
  "gnetId": null,
  "graphTooltip": 0,
  "id": 8,
  "iteration": 1607748591252,
  "links": [],
  "panels": [
    {
      "columns": [],
      "datasource": "postgres",
      "fieldConfig": {
        "defaults": {
          "custom": {}
        },
        "overrides": []
      },
      "fontSize": "80%",
      "gridPos": {
        "h": 12,
        "w": 24,
        "x": 0,
        "y": 0
      },
      "id": 10,
      "links": [],
      "pageSize": null,
      "scroll": true,
      "showHeader": true,
      "sort": {
        "col": 6,
        "desc": true
      },
      "styles": [
        {
          "alias": "Blocks behind",
          "align": "center",
          "colorMode": null,
          "colors": [
            "rgba(50, 172, 45, 0.97)",
            "rgba(237, 129, 40, 0.89)",
            "rgba(245, 54, 54, 0.9)"
          ],
          "dateFormat": "YYYY-MM-DD HH:mm:ss",
          "decimals": 0,
          "mappingType": 1,
          "pattern": "blocks_behind_network",
          "thresholds": [
            ""
          ],
          "type": "number",
          "unit": "locale"
        },
        {
          "alias": "Lag",
          "align": "right",
          "colorMode": null,
          "colors": [
            "rgba(245, 54, 54, 0.9)",
            "rgba(237, 129, 40, 0.89)",
            "rgba(50, 172, 45, 0.97)"
          ],
          "decimals": 1,
          "pattern": "lag",
          "thresholds": [],
          "type": "number",
          "unit": "m"
        },
        {
          "alias": "Synced",
          "align": "center",
          "colorMode": null,
          "colors": [
            "rgba(245, 54, 54, 0.9)",
            "rgba(237, 129, 40, 0.89)",
            "rgba(50, 172, 45, 0.97)"
          ],
          "dateFormat": "YYYY-MM-DD HH:mm:ss",
          "decimals": 2,
          "mappingType": 1,
          "pattern": "synced",
          "sanitize": false,
          "thresholds": [],
          "type": "string",
          "unit": "short",
          "valueMaps": [
            {
              "text": "✓",
              "value": "true"
            },
            {
              "text": "—",
              "value": "false"
            }
          ]
        },
        {
          "alias": "Network",
          "align": "center",
          "colorMode": null,
          "colors": [
            "rgba(245, 54, 54, 0.9)",
            "rgba(237, 129, 40, 0.89)",
            "rgba(50, 172, 45, 0.97)"
          ],
          "dateFormat": "YYYY-MM-DD HH:mm:ss",
          "decimals": 2,
          "mappingType": 1,
          "pattern": "network",
          "thresholds": [],
          "type": "string",
          "unit": "none"
        },
        {
          "alias": "Node ID",
          "align": "center",
          "colorMode": null,
          "colors": [
            "rgba(245, 54, 54, 0.9)",
            "rgba(237, 129, 40, 0.89)",
            "rgba(50, 172, 45, 0.97)"
          ],
          "dateFormat": "YYYY-MM-DD HH:mm:ss",
          "decimals": 2,
          "mappingType": 1,
          "pattern": "nodeid",
          "thresholds": [],
          "type": "string",
          "unit": "short"
        },
        {
          "alias": "Schema no.",
          "align": "center",
          "colorMode": null,
          "colors": [
            "rgba(245, 54, 54, 0.9)",
            "rgba(237, 129, 40, 0.89)",
            "rgba(50, 172, 45, 0.97)"
          ],
          "dateFormat": "YYYY-MM-DD HH:mm:ss",
          "decimals": 2,
          "mappingType": 1,
          "pattern": "schema",
          "thresholds": [],
          "type": "string",
          "unit": "short"
        },
        {
          "alias": "Subgraph ID",
          "align": "left",
          "colorMode": null,
          "colors": [
            "rgba(245, 54, 54, 0.9)",
            "rgba(237, 129, 40, 0.89)",
            "rgba(50, 172, 45, 0.97)"
          ],
          "dateFormat": "YYYY-MM-DD HH:mm:ss",
          "decimals": 2,
          "mappingType": 1,
          "pattern": "deployment",
          "sanitize": false,
          "thresholds": [],
          "type": "string",
          "unit": "short"
        },
        {
          "alias": "Deployment name",
          "align": "left",
          "colorMode": null,
          "colors": [
            "rgba(245, 54, 54, 0.9)",
            "rgba(237, 129, 40, 0.89)",
            "rgba(50, 172, 45, 0.97)"
          ],
          "dateFormat": "YYYY-MM-DD HH:mm:ss",
          "decimals": 2,
          "mappingType": 1,
          "pattern": "subgraph_name",
          "preserveFormat": false,
          "thresholds": [],
          "type": "string",
          "unit": "none"
        }
      ],
      "targets": [
        {
          "format": "table",
          "group": [],
          "metricColumn": "none",
          "rawQuery": true,
          "rawSql": "-- grafana ignore\nselect\n  g.name || (case\n        when g.pending_version = v.id then ' (P)'\n        when g.current_version = v.id then ' (C)'\n        else ' (U)' end) as subgraph_name,\n  d.id as deployment,\n  s.id as schema,\n  replace(a.node_id, '','') as nodeId,\n  d.synced::text,\n  n.name as network,\n  (n.head_block_number - d.latest_ethereum_block_number) as blocks_behind_network,\n  (case when n.name = 'mainnet' then ((n.head_block_number - d.latest_ethereum_block_number)/4)::text\n        when n.name = 'rinkeby' then ((n.head_block_number - d.latest_ethereum_block_number)/4)::text\n        when n.name = 'kovan' then ((n.head_block_number - d.latest_ethereum_block_number)/15)::text\n        when n.name = 'poa-core' then ((n.head_block_number - d.latest_ethereum_block_number)/12)::text\n        else 'ø' end) as lag\nfrom subgraphs.subgraph_deployment as d,\n     subgraphs.subgraph_deployment_assignment as a,\n     subgraphs.subgraph_version as v,\n     subgraphs.subgraph as g,\n     subgraphs.ethereum_contract_data_source as ds,\n     subgraphs.subgraph_manifest m,\n     ethereum_networks  as n,\n     deployment_schemas as s\nwhere g.id = v.subgraph\n  and v.id in (g.pending_version, g.current_version)\n  and a.id = d.id\n  and m.id = d.manifest \n  and ds.id = m.data_sources[1]\n  and s.subgraph = d.id\n  and v.deployment = d.id\n  and not d.failed\n  and n.name = ds.network\n  and not a.node_id = 'removed'\norder by blocks_behind_network desc, subgraph_name;",
          "refId": "A",
          "select": [
            [
              {
                "params": [
                  "value"
                ],
                "type": "column"
              }
            ]
          ],
          "timeColumn": "time",
          "where": [
            {
              "name": "$__timeFilter",
              "params": [],
              "type": "macro"
            }
          ]
        }
      ],
      "timeFrom": null,
      "timeShift": null,
      "title": "Indexing status",
      "transform": "table",
      "transparent": true,
      "type": "table-old"
    },
    {
      "columns": [],
      "datasource": "postgres",
      "fieldConfig": {
        "defaults": {
          "custom": {}
        },
        "overrides": []
      },
      "fontSize": "80%",
      "gridPos": {
        "h": 5,
        "w": 24,
        "x": 0,
        "y": 12
      },
      "id": 34,
      "links": [],
      "pageSize": null,
      "scroll": true,
      "showHeader": true,
      "sort": {
        "col": null,
        "desc": false
      },
      "styles": [
        {
          "alias": "Blocks behind",
          "align": "center",
          "colorMode": null,
          "colors": [
            "rgba(50, 172, 45, 0.97)",
            "rgba(237, 129, 40, 0.89)",
            "rgba(245, 54, 54, 0.9)"
          ],
          "dateFormat": "YYYY-MM-DD HH:mm:ss",
          "decimals": 0,
          "mappingType": 1,
          "pattern": "blocks_behind_network",
          "thresholds": [
            ""
          ],
          "type": "number",
          "unit": "locale"
        },
        {
          "alias": "Lag",
          "align": "right",
          "colorMode": null,
          "colors": [
            "rgba(245, 54, 54, 0.9)",
            "rgba(237, 129, 40, 0.89)",
            "rgba(50, 172, 45, 0.97)"
          ],
          "decimals": 1,
          "pattern": "lag",
          "thresholds": [],
          "type": "number",
          "unit": "m"
        },
        {
          "alias": "Sync",
          "align": "center",
          "colorMode": null,
          "colors": [
            "rgba(245, 54, 54, 0.9)",
            "rgba(237, 129, 40, 0.89)",
            "rgba(50, 172, 45, 0.97)"
          ],
          "dateFormat": "YYYY-MM-DD HH:mm:ss",
          "decimals": 2,
          "mappingType": 1,
          "pattern": "synced",
          "thresholds": [],
          "type": "string",
          "unit": "short",
          "valueMaps": [
            {
              "text": "✓",
              "value": "true"
            },
            {
              "text": "—",
              "value": "false"
            }
          ]
        },
        {
          "alias": "Network",
          "align": "center",
          "colorMode": null,
          "colors": [
            "rgba(245, 54, 54, 0.9)",
            "rgba(237, 129, 40, 0.89)",
            "rgba(50, 172, 45, 0.97)"
          ],
          "dateFormat": "YYYY-MM-DD HH:mm:ss",
          "decimals": 2,
          "mappingType": 1,
          "pattern": "network",
          "thresholds": [],
          "type": "string",
          "unit": "short"
        },
        {
          "alias": "Schema no.",
          "align": "center",
          "colorMode": null,
          "colors": [
            "rgba(245, 54, 54, 0.9)",
            "rgba(237, 129, 40, 0.89)",
            "rgba(50, 172, 45, 0.97)"
          ],
          "dateFormat": "YYYY-MM-DD HH:mm:ss",
          "decimals": 2,
          "mappingType": 1,
          "pattern": "schema",
          "thresholds": [],
          "type": "string",
          "unit": "short"
        },
        {
          "alias": "Subgraph ID",
          "align": "left",
          "colorMode": null,
          "colors": [
            "rgba(245, 54, 54, 0.9)",
            "rgba(237, 129, 40, 0.89)",
            "rgba(50, 172, 45, 0.97)"
          ],
          "dateFormat": "YYYY-MM-DD HH:mm:ss",
          "decimals": 2,
          "mappingType": 1,
          "pattern": "deployment",
          "thresholds": [],
          "type": "string",
          "unit": "short"
        },
        {
          "alias": "Deployment name",
          "align": "left",
          "colorMode": null,
          "colors": [
            "rgba(245, 54, 54, 0.9)",
            "rgba(237, 129, 40, 0.89)",
            "rgba(50, 172, 45, 0.97)"
          ],
          "dateFormat": "YYYY-MM-DD HH:mm:ss",
          "decimals": 2,
          "mappingType": 1,
          "pattern": "subgraph_name",
          "thresholds": [],
          "type": "string",
          "unit": "short"
        },
        {
          "alias": "Node ID",
          "align": "center",
          "colorMode": null,
          "colors": [
            "rgba(245, 54, 54, 0.9)",
            "rgba(237, 129, 40, 0.89)",
            "rgba(50, 172, 45, 0.97)"
          ],
          "dateFormat": "YYYY-MM-DD HH:mm:ss",
          "decimals": 2,
          "mappingType": 1,
          "pattern": "nodeid",
          "thresholds": [],
          "type": "string",
          "unit": "short"
        }
      ],
      "targets": [
        {
          "format": "table",
          "group": [],
          "metricColumn": "none",
          "rawQuery": true,
          "rawSql": "-- grafana ignore\nselect\n  g.name || (case\n        when g.pending_version = v.id then ' (P)'\n        when g.current_version = v.id then ' (C)'\n        else ' (U)' end) as subgraph_name,\n  d.id as deployment,\n  s.id as schema,\n  replace(a.node_id,'','') as nodeid,\n  d.synced::text,\n  n.name as network,\n  (n.head_block_number - d.latest_ethereum_block_number) as blocks_behind_network,\n  (case when n.name = 'mainnet' then ((n.head_block_number - d.latest_ethereum_block_number)/4)::text\n        when n.name = 'rinkeby' then ((n.head_block_number - d.latest_ethereum_block_number)/4)::text\n        when n.name = 'kovan' then ((n.head_block_number - d.latest_ethereum_block_number)/15)::text\n        when n.name = 'poa-core' then ((n.head_block_number - d.latest_ethereum_block_number)/12)::text\n        else 'ø' end) as lag\nfrom subgraphs.subgraph_deployment as d,\n     subgraphs.subgraph_deployment_assignment as a,\n     subgraphs.subgraph_version as v,\n     subgraphs.subgraph as g,\n     subgraphs.ethereum_contract_data_source as ds,\n     subgraphs.subgraph_manifest m,\n     ethereum_networks  as n,\n     deployment_schemas as s\nwhere g.id = v.subgraph\n  and v.id in (g.pending_version, g.current_version)\n  and a.id = d.id\n  and m.id = d.manifest \n  and ds.id = m.data_sources[1]\n  and s.subgraph = d.id\n  and v.deployment = d.id\n  and not d.failed\n  and n.name = ds.network\n  and a.node_id not like 'index_node_%'\norder by blocks_behind_network desc, subgraph_name;",
          "refId": "A",
          "select": [
            [
              {
                "params": [
                  "value"
                ],
                "type": "column"
              }
            ]
          ],
          "timeColumn": "time",
          "where": [
            {
              "name": "$__timeFilter",
              "params": [],
              "type": "macro"
            }
          ]
        }
      ],
      "timeFrom": null,
      "timeShift": null,
      "title": "Paused Subgraphs",
      "transform": "table",
      "transparent": true,
      "type": "table-old"
    },
    {
      "columns": [],
      "datasource": "postgres",
      "fieldConfig": {
        "defaults": {
          "custom": {}
        },
        "overrides": []
      },
      "fontSize": "80%",
      "gridPos": {
        "h": 8,
        "w": 24,
        "x": 0,
        "y": 17
      },
      "id": 36,
      "pageSize": null,
      "showHeader": true,
      "sort": {
        "col": 0,
        "desc": true
      },
      "styles": [
        {
          "alias": "Error message",
          "align": "right",
          "colorMode": null,
          "colors": [
            "rgba(245, 54, 54, 0.9)",
            "rgba(237, 129, 40, 0.89)",
            "rgba(50, 172, 45, 0.97)"
          ],
          "dateFormat": "YYYY-MM-DD HH:mm:ss",
          "decimals": 2,
          "link": false,
          "mappingType": 1,
          "pattern": "message",
          "preserveFormat": false,
          "sanitize": false,
          "thresholds": [],
          "type": "string",
          "unit": "short",
          "valueMaps": []
        },
        {
          "alias": "Subgraph ID",
          "align": "center",
          "colorMode": null,
          "colors": [
            "rgba(245, 54, 54, 0.9)",
            "rgba(237, 129, 40, 0.89)",
            "rgba(50, 172, 45, 0.97)"
          ],
          "dateFormat": "YYYY-MM-DD HH:mm:ss",
          "decimals": 2,
          "mappingType": 1,
          "pattern": "subgraph_id",
          "preserveFormat": false,
          "thresholds": [],
          "type": "string",
          "unit": "none"
        },
        {
          "alias": "No.",
          "align": "left",
          "colorMode": null,
          "colors": [
            "rgba(245, 54, 54, 0.9)",
            "rgba(237, 129, 40, 0.89)",
            "rgba(50, 172, 45, 0.97)"
          ],
          "dateFormat": "YYYY-MM-DD HH:mm:ss",
          "decimals": 2,
          "mappingType": 1,
          "pattern": "vid",
          "preserveFormat": false,
          "thresholds": [],
          "type": "string",
          "unit": "short"
        },
        {
          "alias": "Block number",
          "align": "center",
          "colorMode": null,
          "colors": [
            "rgba(245, 54, 54, 0.9)",
            "rgba(237, 129, 40, 0.89)",
            "rgba(50, 172, 45, 0.97)"
          ],
          "dateFormat": "YYYY-MM-DD HH:mm:ss",
          "decimals": 0,
          "mappingType": 1,
          "pattern": "block_number",
          "thresholds": [],
          "type": "number",
          "unit": "locale"
        }
      ],
      "targets": [
        {
          "format": "table",
          "group": [],
          "metricColumn": "none",
          "rawQuery": true,
          "rawSql": "SELECT\n  vid, block_number, subgraph_id, message, handler\nFROM subgraphs.subgraph_error\nORDER BY vid DESC",
          "refId": "A",
          "select": [
            [
              {
                "params": [
                  "value"
                ],
                "type": "column"
              }
            ]
          ],
          "table": "subgraphs.subgraph_error",
          "timeColumn": "time",
          "where": []
        }
      ],
      "timeFrom": null,
      "timeShift": null,
      "title": "Fatal errors",
      "transform": "table",
      "transparent": true,
      "type": "table-old"
    },
    {
      "columns": [],
      "datasource": "postgres",
      "fieldConfig": {
        "defaults": {
          "custom": {}
        },
        "overrides": []
      },
      "fontSize": "80%",
      "gridPos": {
        "h": 9,
        "w": 24,
        "x": 0,
        "y": 25
      },
      "id": 37,
      "pageSize": null,
      "showHeader": true,
      "sort": {
        "col": 7,
        "desc": true
      },
      "styles": [
        {
          "alias": "No.",
          "align": "left",
          "colorMode": null,
          "colors": [
            "rgba(245, 54, 54, 0.9)",
            "rgba(237, 129, 40, 0.89)",
            "rgba(50, 172, 45, 0.97)"
          ],
          "dateFormat": "YYYY-MM-DD HH:mm:ss",
          "decimals": 0,
          "mappingType": 1,
          "pattern": "vid",
          "thresholds": [],
          "type": "number",
          "unit": "none"
        },
        {
          "alias": "Deployment ID",
          "align": "left",
          "colorMode": null,
          "colors": [
            "rgba(245, 54, 54, 0.9)",
            "rgba(237, 129, 40, 0.89)",
            "rgba(50, 172, 45, 0.97)"
          ],
          "dateFormat": "YYYY-MM-DD HH:mm:ss",
          "decimals": 2,
          "mappingType": 1,
          "pattern": "id",
          "thresholds": [],
          "type": "string",
          "unit": "short"
        },
        {
          "alias": "Network",
          "align": "center",
          "colorMode": null,
          "colors": [
            "rgba(245, 54, 54, 0.9)",
            "rgba(237, 129, 40, 0.89)",
            "rgba(50, 172, 45, 0.97)"
          ],
          "dateFormat": "YYYY-MM-DD HH:mm:ss",
          "decimals": 2,
          "mappingType": 1,
          "pattern": "network",
          "preserveFormat": false,
          "thresholds": [],
          "type": "string",
          "unit": "short"
        },
        {
          "alias": "Health",
          "align": "center",
          "colorMode": null,
          "colors": [
            "rgba(245, 54, 54, 0.9)",
            "rgba(237, 129, 40, 0.89)",
            "rgba(50, 172, 45, 0.97)"
          ],
          "dateFormat": "YYYY-MM-DD HH:mm:ss",
          "decimals": 2,
          "mappingType": 1,
          "pattern": "health",
          "rangeMaps": [
            {
              "from": "",
              "text": "",
              "to": ""
            }
          ],
          "thresholds": [],
          "type": "string",
          "unit": "short",
          "valueMaps": []
        },
        {
          "alias": "Node ID",
          "align": "center",
          "colorMode": null,
          "colors": [
            "rgba(245, 54, 54, 0.9)",
            "rgba(237, 129, 40, 0.89)",
            "rgba(50, 172, 45, 0.97)"
          ],
          "dateFormat": "YYYY-MM-DD HH:mm:ss",
          "decimals": 2,
          "mappingType": 1,
          "pattern": "node_id",
          "thresholds": [],
          "type": "string",
          "unit": "short"
        },
        {
          "alias": "State",
          "align": "center",
          "colorMode": null,
          "colors": [
            "rgba(245, 54, 54, 0.9)",
            "rgba(237, 129, 40, 0.89)",
            "rgba(50, 172, 45, 0.97)"
          ],
          "dateFormat": "YYYY-MM-DD HH:mm:ss",
          "decimals": 2,
          "mappingType": 1,
          "pattern": "failed",
          "thresholds": [],
          "type": "string",
          "unit": "short",
          "valueMaps": [
            {
              "text": "working",
              "value": "0"
            },
            {
              "text": "stopped",
              "value": "1"
            }
          ]
        },
        {
          "alias": "Sync",
          "align": "center",
          "colorMode": null,
          "colors": [
            "rgba(245, 54, 54, 0.9)",
            "rgba(237, 129, 40, 0.89)",
            "rgba(50, 172, 45, 0.97)"
          ],
          "dateFormat": "YYYY-MM-DD HH:mm:ss",
          "decimals": 2,
          "mappingType": 1,
          "pattern": "synced",
          "thresholds": [],
          "type": "string",
          "unit": "short",
          "valueMaps": [
            {
              "text": "✔",
              "value": "1"
            },
            {
              "text": "✗",
              "value": "0"
            }
          ]
        },
        {
          "alias": "Entity count",
          "align": "center",
          "colorMode": null,
          "colors": [
            "rgba(245, 54, 54, 0.9)",
            "rgba(237, 129, 40, 0.89)",
            "rgba(50, 172, 45, 0.97)"
          ],
          "dateFormat": "YYYY-MM-DD HH:mm:ss",
          "decimals": 0,
          "mappingType": 1,
          "pattern": "entity_count",
          "thresholds": [],
          "type": "number",
          "unit": "locale"
        },
        {
          "alias": "Last block number",
          "align": "center",
          "colorMode": null,
          "colors": [
            "rgba(245, 54, 54, 0.9)",
            "rgba(237, 129, 40, 0.89)",
            "rgba(50, 172, 45, 0.97)"
          ],
          "dateFormat": "YYYY-MM-DD HH:mm:ss",
          "decimals": 0,
          "mappingType": 1,
          "pattern": "latest_ethereum_block_number",
          "thresholds": [],
          "type": "number",
          "unit": "locale"
        },
        {
          "alias": "Head block number",
          "align": "center",
          "colorMode": null,
          "colors": [
            "rgba(245, 54, 54, 0.9)",
            "rgba(237, 129, 40, 0.89)",
            "rgba(50, 172, 45, 0.97)"
          ],
          "dateFormat": "YYYY-MM-DD HH:mm:ss",
          "decimals": 0,
          "mappingType": 1,
          "pattern": "ethereum_head_block_number",
          "thresholds": [],
          "type": "number",
          "unit": "locale"
        }
      ],
      "targets": [
        {
          "format": "table",
          "group": [],
          "metricColumn": "none",
          "rawQuery": true,
          "rawSql": "SELECT sd.vid,sd.id,sd.network,sd.health,sd.node_id,sd.failed,sd.synced,sd.entity_count,sd.latest_ethereum_block_number,sd.ethereum_head_block_number FROM subgraphs.\"subgraph_deployment_detail\" as sd left join subgraphs.\"subgraph_manifest\" sm on (sm.id = sd.manifest) order by sd.vid",
          "refId": "A",
          "select": [
            [
              {
                "params": [
                  "value"
                ],
                "type": "column"
              }
            ]
          ],
          "table": "subgraphs.subgraph_error",
          "timeColumn": "time",
          "where": []
        }
      ],
      "timeFrom": null,
      "timeShift": null,
      "title": "Subgraph Health",
      "transform": "table",
      "transparent": true,
      "type": "table-old"
    },
    {
      "columns": [],
      "datasource": "postgres",
      "fieldConfig": {
        "defaults": {
          "custom": {}
        },
        "overrides": []
      },
      "fontSize": "80%",
      "gridPos": {
        "h": 7,
        "w": 24,
        "x": 0,
        "y": 34
      },
      "id": 39,
      "links": [],
      "pageSize": null,
      "scroll": true,
      "showHeader": true,
      "sort": {
        "col": 2,
        "desc": true
      },
      "styles": [
        {
          "alias": "Schema",
          "align": "left",
          "colorMode": null,
          "colors": [
            "rgba(245, 54, 54, 0.9)",
            "rgba(237, 129, 40, 0.89)",
            "rgba(50, 172, 45, 0.97)"
          ],
          "dateFormat": "YYYY-MM-DD HH:mm:ss",
          "decimals": 2,
          "mappingType": 1,
          "pattern": "table_schema",
          "thresholds": [],
          "type": "string",
          "unit": "short"
        },
        {
          "alias": "Deployment ID",
          "align": "left",
          "colorMode": null,
          "colors": [
            "rgba(245, 54, 54, 0.9)",
            "rgba(237, 129, 40, 0.89)",
            "rgba(50, 172, 45, 0.97)"
          ],
          "dateFormat": "YYYY-MM-DD HH:mm:ss",
          "decimals": 2,
          "mappingType": 1,
          "pattern": "subgraph",
          "thresholds": [],
          "type": "string",
          "unit": "short"
        },
        {
          "alias": "Total (bytes)",
          "align": "left",
          "colorMode": null,
          "colors": [
            "rgba(245, 54, 54, 0.9)",
            "rgba(237, 129, 40, 0.89)",
            "rgba(50, 172, 45, 0.97)"
          ],
          "dateFormat": "YYYY-MM-DD HH:mm:ss",
          "decimals": 2,
          "mappingType": 1,
          "pattern": "total_bytes",
          "thresholds": [],
          "type": "number",
          "unit": "locale"
        },
        {
          "alias": "Size on disk",
          "align": "left",
          "colorMode": null,
          "colors": [
            "rgba(245, 54, 54, 0.9)",
            "rgba(237, 129, 40, 0.89)",
            "rgba(50, 172, 45, 0.97)"
          ],
          "dateFormat": "YYYY-MM-DD HH:mm:ss",
          "decimals": 2,
          "mappingType": 1,
          "pattern": "total",
          "sanitize": false,
          "thresholds": [],
          "type": "string",
          "unit": "locale"
        }
      ],
      "targets": [
        {
          "format": "table",
          "group": [],
          "metricColumn": "none",
          "rawQuery": true,
          "rawSql": "SELECT table_schema,subgraph,total_bytes, pg_size_pretty(total_bytes) AS total\r\n  FROM (\r\n  SELECT *, total_bytes-index_bytes-coalesce(toast_bytes,0) AS table_bytes FROM (\r\n      SELECT nspname AS table_schema\r\n                , ds.subgraph\r\n              , sum(pg_total_relation_size(c.oid)) AS total_bytes\r\n              , sum(pg_indexes_size(c.oid)) AS index_bytes\r\n              , sum(pg_total_relation_size(reltoastrelid)) AS toast_bytes\r\n          FROM pg_class c\r\n          LEFT JOIN pg_namespace n ON n.oid = c.relnamespace\r\n            INNER JOIN deployment_schemas ds ON ds.name = n.nspname\r\n          WHERE relkind = 'r'\r\n            GROUP BY ds.subgraph,table_schema\r\n          \r\n  ) a\r\n) a ORDER BY total_bytes DESC;",
          "refId": "A",
          "select": [
            [
              {
                "params": [
                  "value"
                ],
                "type": "column"
              }
            ]
          ],
          "timeColumn": "time",
          "where": [
            {
              "name": "$__timeFilter",
              "params": [],
              "type": "macro"
            }
          ]
        }
      ],
      "timeFrom": null,
      "timeShift": null,
      "title": "Deployment schema size",
      "transform": "table",
      "transparent": true,
      "type": "table-old"
    },
    {
      "columns": [],
      "datasource": "postgres",
      "fieldConfig": {
        "defaults": {
          "custom": {}
        },
        "overrides": []
      },
      "fontSize": "80%",
      "gridPos": {
        "h": 4,
        "w": 10,
        "x": 0,
        "y": 41
      },
      "id": 6,
      "links": [],
      "pageSize": null,
      "scroll": true,
      "showHeader": true,
      "sort": {
        "col": 1,
        "desc": true
      },
      "styles": [
        {
          "alias": "Number",
          "align": "center",
          "colorMode": null,
          "colors": [
            "rgba(245, 54, 54, 0.9)",
            "rgba(237, 129, 40, 0.89)",
            "rgba(50, 172, 45, 0.97)"
          ],
          "dateFormat": "YYYY-MM-DD HH:mm:ss",
          "decimals": 0,
          "mappingType": 1,
          "pattern": "num_assigned",
          "thresholds": [],
          "type": "number",
          "unit": "short"
        },
        {
          "alias": "Node ID",
          "align": "left",
          "colorMode": null,
          "colors": [
            "rgba(245, 54, 54, 0.9)",
            "rgba(237, 129, 40, 0.89)",
            "rgba(50, 172, 45, 0.97)"
          ],
          "dateFormat": "YYYY-MM-DD HH:mm:ss",
          "decimals": 2,
          "mappingType": 1,
          "pattern": "nodeid",
          "thresholds": [],
          "type": "string",
          "unit": "short"
        },
        {
          "alias": "Deployment ID",
          "align": "left",
          "colorMode": null,
          "colors": [
            "rgba(245, 54, 54, 0.9)",
            "rgba(237, 129, 40, 0.89)",
            "rgba(50, 172, 45, 0.97)"
          ],
          "dateFormat": "YYYY-MM-DD HH:mm:ss",
          "decimals": 2,
          "mappingType": 1,
          "pattern": "deployments",
          "preserveFormat": true,
          "thresholds": [],
          "type": "string",
          "unit": "short"
        }
      ],
      "targets": [
        {
          "format": "table",
          "group": [],
          "metricColumn": "none",
          "rawQuery": true,
          "rawSql": "select replace(node_id, '', '') as nodeId,\n       count(*) as num_assigned,\n       array_agg(id) as deployments\n  from subgraphs.subgraph_deployment_assignment\n group by node_id\n order by node_id asc;\n",
          "refId": "A",
          "select": [
            [
              {
                "params": [
                  "value"
                ],
                "type": "column"
              }
            ]
          ],
          "timeColumn": "time",
          "where": [
            {
              "name": "$__timeFilter",
              "params": [],
              "type": "macro"
            }
          ]
        }
      ],
      "timeFrom": null,
      "timeShift": null,
      "title": "Subgraph Node Assignments",
      "transform": "table",
      "transparent": true,
      "type": "table-old"
    },
    {
      "columns": [],
      "datasource": "postgres",
      "fieldConfig": {
        "defaults": {
          "custom": {}
        },
        "overrides": []
      },
      "fontSize": "80%",
      "gridPos": {
        "h": 4,
        "w": 10,
        "x": 14,
        "y": 41
      },
      "id": 38,
      "links": [],
      "pageSize": null,
      "scroll": true,
      "showHeader": true,
      "sort": {
        "col": 1,
        "desc": true
      },
      "styles": [
        {
          "alias": "Network",
          "align": "center",
          "colorMode": null,
          "colors": [
            "rgba(245, 54, 54, 0.9)",
            "rgba(237, 129, 40, 0.89)",
            "rgba(50, 172, 45, 0.97)"
          ],
          "dateFormat": "YYYY-MM-DD HH:mm:ss",
          "decimals": 2,
          "mappingType": 1,
          "pattern": "name",
          "thresholds": [],
          "type": "string",
          "unit": "short"
        },
        {
          "alias": "Head block",
          "align": "center",
          "colorMode": null,
          "colors": [
            "rgba(245, 54, 54, 0.9)",
            "rgba(237, 129, 40, 0.89)",
            "rgba(50, 172, 45, 0.97)"
          ],
          "dateFormat": "YYYY-MM-DD HH:mm:ss",
          "decimals": 0,
          "mappingType": 1,
          "pattern": "block_number",
          "thresholds": [],
          "type": "number",
          "unit": "locale"
        },
        {
          "alias": "Block hash",
          "align": "left",
          "colorMode": null,
          "colors": [
            "rgba(245, 54, 54, 0.9)",
            "rgba(237, 129, 40, 0.89)",
            "rgba(50, 172, 45, 0.97)"
          ],
          "dateFormat": "YYYY-MM-DD HH:mm:ss",
          "decimals": 2,
          "mappingType": 1,
          "pattern": "block_hash",
          "thresholds": [],
          "type": "string",
          "unit": "short"
        }
      ],
      "targets": [
        {
          "format": "table",
          "group": [],
          "metricColumn": "none",
          "rawQuery": true,
          "rawSql": "SELECT\n  name,\n  head_block_number AS \"block_number\",\n  head_block_hash AS \"block_hash\"\nFROM ethereum_networks\nORDER BY name;",
          "refId": "A",
          "select": [
            [
              {
                "params": [
                  "value"
                ],
                "type": "column"
              }
            ]
          ],
          "timeColumn": "time",
          "where": [
            {
              "name": "$__timeFilter",
              "params": [],
              "type": "macro"
            }
          ]
        }
      ],
      "timeFrom": null,
      "timeShift": null,
      "title": "Networks",
      "transform": "table",
      "transparent": true,
      "type": "table-old"
    }
  ],
  "refresh": "",
  "schemaVersion": 26,
  "style": "dark",
  "tags": [],
  "templating": {
    "list": [
      {
        "datasource": "Elasticsearch",
        "error": null,
        "filters": [],
        "hide": 0,
        "label": "",
        "name": "Filters",
        "skipUrlSync": false,
        "type": "adhoc"
      }
    ]
  },
  "time": {
    "from": "now-6h",
    "to": "now"
  },
  "timepicker": {
    "refresh_intervals": [
      "10s",
      "30s",
      "1m",
      "5m",
      "15m",
      "30m",
      "1h",
      "2h",
      "1d"
    ],
    "time_options": [
      "5m",
      "15m",
      "1h",
      "6h",
      "12h",
      "24h",
      "2d",
      "7d",
      "30d"
    ]
  },
  "timezone": "",
  "title": "Indexing Status Split",
  "uid": "7rkuDImZk",
  "version": 3
}